free,0.7894736842105263
entry,1.0
in,0.08070175438596491
2,0.3730684326710817
a,0.262861169837914
wkly,1.0
comp,0.9
to,0.3063791554357592
win,0.8529411764705882
fa,1.0
cup,0.625
final,0.8888888888888888
tkts,1.0
21st,0.6666666666666666
may,0.16279069767441862
2005.,1.0
text,0.64
87121,1.0
receive,0.8918918918918919
question(std,1.0
txt,0.912751677852349
rate)t&c's,1.0
apply,0.8823529411764706
08452810075over18's,1.0
freemsg,1.0
hey,0.06097560975609756
there,0.07407407407407407
darling,0.4
it's,0.052083333333333336
been,0.3359375
3,0.3333333333333333
week's,1.0
now,0.3765182186234818
and,0.12616339193381593
no,0.1245136186770428
word,0.5909090909090909
back!,0.5
i'd,0.16666666666666666
like,0.05555555555555555
some,0.05084745762711865
fun,0.30434782608695654
you,0.13145539906103287
up,0.07251908396946564
for,0.2883787661406026
it,0.053763440860215055
still?,0.5
tb,0.3333333333333333
ok!,0.5
xxx,0.4166666666666667
std,1.0
chgs,1.0
"send,",0.5
å£1.50,1.0
rcv,1.0
winner!!,1.0
as,0.1875
valued,1.0
network,0.92
customer,0.8163265306122449
have,0.23767605633802816
selected,0.9259259259259259
receivea,1.0
å£900,1.0
prize,1.0
reward!,1.0
claim,1.0
call,0.6140035906642729
09061701461.,1.0
code,0.9375
kl341.,1.0
valid,1.0
12,0.5
hours,0.29411764705882354
only.,0.4666666666666667
had,0.16
your,0.3890532544378698
mobile,0.8790322580645161
11,0.5714285714285714
months,0.2857142857142857
or,0.45410628019323673
more?,0.6666666666666666
u,0.11806256306760847
r,0.1437908496732026
entitled,1.0
update,0.8636363636363636
the,0.1548974943052392
latest,0.972972972972973
colour,0.8095238095238095
mobiles,1.0
with,0.2864721485411141
camera,0.8928571428571429
free!,1.0
co,1.0
on,0.27115384615384613
08002986030,1.0
six,0.75
chances,1.0
cash!,1.0
from,0.4584837545126354
100,0.9375
"20,000",1.0
pounds,0.8947368421052632
txt>,1.0
csh11,1.0
send,0.34946236559139787
87575.,1.0
cost,0.7857142857142857
"150p/day,",1.0
"6days,",1.0
16+,1.0
tsandcs,1.0
reply,0.7952755905511811
hl,1.0
4,0.37349397590361444
info,0.75
urgent!,1.0
won,1.0
1,0.46875
week,0.44285714285714284
membership,0.6666666666666666
our,0.5985915492957746
"å£100,000",1.0
jackpot!,1.0
word:,1.0
no:,1.0
81010,1.0
t&c,1.0
www.dbuk.net,1.0
lccltd,1.0
pobox,1.0
4403ldnw1a7rw18,1.0
xxxmobilemovieclub:,1.0
use,0.1951219512195122
"credit,",1.0
click,0.7142857142857143
wap,1.0
link,0.75
next,0.26666666666666666
message,0.39344262295081966
here>>,1.0
http://wap.,1.0
xxxmobilemovieclub.com?n=qjkgighjjgcbl,1.0
england,1.0
v,0.05405405405405406
macedonia,1.0
-,0.625
dont,0.08148148148148149
miss,0.09722222222222222
goals/team,1.0
news.,1.0
ur,0.37994722955145116
national,1.0
team,0.3333333333333333
87077,1.0
eg,1.0
"try:wales,",1.0
scotland,0.5
4txt/ì¼1.20,1.0
poboxox36504w45wq,1.0
thanks,0.22580645161290322
subscription,1.0
ringtone,1.0
uk,0.8888888888888888
will,0.11497326203208556
be,0.13333333333333333
charged,1.0
å£5/month,1.0
please,0.4444444444444444
confirm,0.125
by,0.2155688622754491
replying,0.8571428571428571
yes,0.20754716981132076
no.,0.23076923076923078
if,0.08465608465608465
not,0.05693069306930693
07732584351,1.0
rodger,1.0
burns,0.5
msg,0.3157894736842105
=,0.5
we,0.1391304347826087
tried,0.7727272727272727
re,0.5
sms,0.48484848484848486
nokia,0.9552238805970149
+,0.6206896551724138
camcorder.,1.0
08000930705,1.0
delivery,1.0
tomorrow,0.1206896551724138
sms.,0.875
ac,1.0
sptv:,1.0
new,0.5073529411764706
jersey,1.0
devils,1.0
detroit,1.0
red,0.2
wings,1.0
play,0.5483870967741935
ice,0.14285714285714285
hockey.,1.0
correct,0.5714285714285714
incorrect?,1.0
end?,0.6666666666666666
end,0.3225806451612903
sptv,1.0
congrats!,1.0
year,0.15625
special,0.21875
cinema,0.6
pass,0.45454545454545453
is,0.17633410672853828
yours.,0.7272727272727273
09061209465,1.0
now!,0.9333333333333333
c,0.22972972972972974
suprman,1.0
"v,",1.0
"matrix3,",1.0
"starwars3,",1.0
etc,0.5714285714285714
all,0.10810810810810811
bx420-ip4-5we.,1.0
150pm.,1.0
out!,0.4
,0.04936305732484077
"customer,",1.0
i,0.016304347826086956
am,0.06018518518518518
pleased,0.5
advise,1.0
that,0.05555555555555555
following,0.7142857142857143
recent,1.0
review,0.8
of,0.15497553017944535
mob,1.0
are,0.16494845360824742
awarded,1.0
å£1500,1.0
bonus,1.0
"prize,",1.0
09066364589,1.0
urgent,0.8823529411764706
complimentary,1.0
trip,0.25
eurodisinc,1.0
"trav,",1.0
aco&entry41,1.0
å£1000.,1.0
dis,0.06896551724137931
18+6*å£1.50(morefrmmob.,1.0
"shracomorsglsuplt)10,",1.0
ls1,1.0
3aj,1.0
did,0.017391304347826087
hear,0.10344827586206896
about,0.04487179487179487
\divorce,1.0
"barbie\""?",1.0
comes,0.1875
ken's,1.0
"stuff!""",1.0
service,0.9230769230769231
representative,1.0
0800,1.0
169,1.0
6031,1.0
between,0.3225806451612903
10am-9pm,1.0
guaranteed,1.0
å£1000,1.0
cash,0.8615384615384616
å£5000,1.0
prize!,1.0
waiting,0.3333333333333333
collected.,1.0
simply,0.5
password,0.42857142857142855
"\mix\""",1.0
85069,1.0
verify.,1.0
get,0.21866666666666668
usher,1.0
britney.,1.0
fml,0.6666666666666666
gent!,1.0
trying,0.3488372093023256
contact,0.8235294117647058
you.,0.0963855421686747
last,0.16666666666666666
weekends,0.7142857142857143
draw,0.8809523809523809
shows,0.8857142857142857
guaranteed.,1.0
09064012160.,1.0
k52.,1.0
12hrs,1.0
150ppm,1.0
winner,1.0
specially,1.0
4*,1.0
holiday,0.775
(flights,1.0
inc),1.0
speak,0.3225806451612903
live,0.6842105263157895
operator,1.0
0871277810910p/min,1.0
(18+),1.0
private!,1.0
2004,1.0
account,0.5277777777777778
statement,1.0
07742676969,1.0
786,1.0
unredeemed,1.0
points.,1.0
08719180248,1.0
identifier,1.0
code:,1.0
45239,1.0
expires,1.0
was,0.0391304347826087
å£2000,1.0
caller,0.9230769230769231
5/9/03,1.0
this,0.27564102564102566
try,0.13953488372093023
u!,0.5333333333333333
landline,0.8461538461538461
09064019788,1.0
"box42wr29c,",1.0
todays,0.8095238095238095
voda,1.0
numbers,0.8181818181818182
ending,1.0
7548,1.0
$350,1.0
award.,1.0
match,0.6
08712300220,1.0
quoting,1.0
4041,1.0
standard,1.0
rates,0.9
app,0.8
sunshine,1.0
quiz,1.0
q!,1.0
top,0.7272727272727273
sony,0.8571428571428571
dvd,0.8571428571428571
player,0.9230769230769231
know,0.09565217391304348
which,0.13333333333333333
country,1.0
algarve,1.0
in?,0.3333333333333333
ansr,1.0
82277.,1.0
sp:tyrone,1.0
want,0.15934065934065933
laid,0.75
tonight?,0.1
real,0.36363636363636365
dogging,1.0
locations,1.0
sent,0.13846153846153847
direct,0.8333333333333334
mob?,1.0
join,0.6
uk's,1.0
largest,1.0
bt,0.21739130434782608
txting,0.9090909090909091
gravel,1.0
69888!,1.0
nt.,1.0
ec2a.,1.0
31p.msg@150p,1.0
you'll,0.07142857142857142
any,0.1937984496124031
more,0.25252525252525254
msgs,0.5
chat,0.7959183673469388
svc.,1.0
hardcore,0.6666666666666666
services,0.9285714285714286
go,0.10305343511450382
to:,1.0
69988,1.0
nothing,0.07407407407407407
must,0.19230769230769232
age,0.6363636363636364
verify,1.0
yr,0.7857142857142857
&,0.9158878504672897
again,0.03125
why,0.16
haven't,0.045454545454545456
replied,0.2
my,0.013315579227696404
text?,0.8
i'm,0.021220159151193633
"randy,",1.0
"sexy,",1.0
female,0.3333333333333333
local.,1.0
luv,0.19230769230769232
u.,0.42857142857142855
netcollex,1.0
ltd,1.0
08700621170150p,1.0
per,0.7857142857142857
stop,0.7542372881355932
annoncement.,1.0
years,0.3
07046744435,1.0
arrange,0.4
0871277810810,1.0
-pls,1.0
bootydelious,1.0
(32/f),1.0
inviting,1.0
her,0.0673076923076923
friend.,0.75
yes-434,1.0
no-434,1.0
see,0.125
her:,1.0
www.sms.ac/u/bootydelious,1.0
stop?,1.0
frnd,0.46153846153846156
62468,1.0
bangbabes,1.0
order,0.5333333333333333
way.,0.09090909090909091
should,0.07446808510638298
download,0.25
content.,1.0
do,0.06301369863013699
"not,",0.14285714285714285
goto,0.75
wap.,1.0
bangb.,1.0
tv,0.125
internet/service,1.0
menu,0.2
09061701939.,1.0
s89.,1.0
only,0.36065573770491804
freephone,1.0
0808,1.0
145,1.0
4742,1.0
9am-11pm,1.0
unique,0.6666666666666666
enough?,0.3333333333333333
find,0.323943661971831
out,0.21363636363636362
30th,1.0
august.,1.0
www.areyouunique.co.uk,1.0
500,1.0
"2004,",1.0
go!,1.0
txt:,1.0
89545,1.0
collect,0.8148148148148148
yours,0.7
today!from,1.0
å£1,1.0
www.4-tc.biz,1.0
2optout,1.0
087187262701.50gbp/mtmsg18,1.0
meet,0.06578947368421052
dream,0.3333333333333333
partner,1.0
soon?,0.2
career,0.3333333333333333
off,0.044444444444444446
flyng,1.0
start?,1.0
"free,",0.6
horo,1.0
followed,0.75
star,1.0
"sign,",0.5
e.,1.0
g.,1.0
aries,1.0
someone,0.2413793103448276
sexy,0.5454545454545454
today.,0.07407407407407407
can,0.07532467532467532
date,0.5625
even,0.09836065573770492
flirt,0.6666666666666666
its,0.028985507246376812
just,0.21212121212121213
10p.,1.0
name,0.32432432432432434
sam,0.75
25.,1.0
18,1.0
-msg,1.0
recd@thirtyeight,1.0
pence,1.0
447801259231,1.0
secret,0.7142857142857143
admirer,1.0
who,0.41904761904761906
looking,0.3103448275862069
make,0.12871287128712872
u-find,1.0
they,0.12096774193548387
r*reveal,1.0
thinks,0.7142857142857143
so,0.05673758865248227
special-call,1.0
09058094597,1.0
congratulations,0.9230769230769231
cd,0.8888888888888888
vouchers,1.0
125gift,1.0
music,0.8333333333333334
87066,1.0
tncs,1.0
www.ldew.com1win150ppmx3age16,1.0
offer,0.6842105263157895
video,0.9333333333333333
handset?,1.0
750,1.0
anytime,0.8571428571428571
networks,1.0
mins?,1.0
unlimited,0.7692307692307693
camcorder?,1.0
really,0.0125
horny,1.0
me,0.03471074380165289
naked,0.5
hot,0.7368421052631579
69698,1.0
at,0.06532663316582915
150pm,1.0
unsubscribe,1.0
has,0.2608695652173913
changed!,1.0
25,0.5
credits!,1.0
club4mobiles.com,1.0
choose,0.5625
content,1.0
club,0.9090909090909091
87070.,1.0
150p/wk,1.0
club4,1.0
po,0.90625
box1146,1.0
mk45,1.0
2wt,1.0
club:,1.0
singles,1.0
chart,1.0
each,0.47058823529411764
quality,0.4
ringtone!,1.0
charge.,0.75
hmv,1.0
genuine,1.0
won.,1.0
answer,0.47058823529411764
easy,0.21428571428571427
questions.,0.75
86688,1.0
info:www.100percent-real.com,1.0
t-mobile,1.0
phone,0.35051546391752575
upgrade,1.0
pay,0.03571428571428571
sim,0.2857142857142857
card,0.2857142857142857
loyalty.,1.0
0845,1.0
021,1.0
3680.offer,1.0
ends,0.5
28thfeb.t&c's,1.0
blind,1.0
4u!:,1.0
rodds1,1.0
21/m,1.0
"aberdeen,",1.0
united,1.0
kingdom.,1.0
check,0.12121212121212122
him,0.010752688172043012
http://img.,1.0
ac/w/icmb3cktz8r7!-4,1.0
dates,0.5
hide,0.5
themob>,1.0
newest,1.0
selection,1.0
"content,",0.5
"games,",1.0
"tones,",1.0
"gossip,",1.0
babes,0.4
"sport,",1.0
keep,0.09230769230769231
fit,0.3333333333333333
funky,0.5
82468,1.0
think,0.023622047244094488
smart,0.3333333333333333
?,0.03208556149732621
å£200,1.0
weekly,1.0
"quiz,",1.0
85222,1.0
now!t&cs,1.0
winnersclub,1.0
box,0.8571428571428571
"84,",1.0
m26,1.0
3uz.,1.0
16+.,1.0
gbp1.50/week,1.0
december,1.0
only!,1.0
11mths+?,1.0
08002986906,1.0
germany,1.0
minute!,1.0
fixed,0.2857142857142857
line,0.75
via,0.2727272727272727
access,0.7142857142857143
number,0.4
0844,1.0
861,1.0
85,1.0
85.,1.0
prepayment.,1.0
access!,1.0
valentines,0.25
day,0.07272727272727272
special!,1.0
over,0.15384615384615385
take,0.11290322580645161
lifetime!,1.0
83600,1.0
now.,0.23404255319148937
150p/msg,1.0
rcvd.,1.0
custcare:08718720201.,1.0
fancy,0.6428571428571429
shag?,1.0
do.interested?,1.0
sextextuk.com,1.0
xxuk,1.0
suzy,0.5
69876.,1.0
txts,1.0
1.50,1.0
msg.,0.6666666666666666
website.,0.3333333333333333
x,0.24390243902439024
cash-balance,1.0
currently,0.7692307692307693
maximize,1.0
cash-in,1.0
150p/msg.,1.0
cc:,1.0
08708800282,1.0
hg/suite342/2lands,1.0
row/w1j6hl,1.0
update_now,1.0
xmas,0.6086956521739131
offer!,1.0
"motorola,",1.0
sonyericsson,1.0
bluetooth!,1.0
double,0.7727272727272727
mins,0.6857142857142857
1000,1.0
orange.,1.0
mobileupd8,1.0
08000839402,1.0
call2optout/f4q=,1.0
here,0.05063291139240506
discount,0.8181818181818182
rp176781.,1.0
further,0.75
messages,0.5714285714285714
stop.,0.6666666666666666
www.regalportfolio.co.uk.,1.0
08717205546,1.0
"order,",1.0
reference,0.5
t91.,1.0
gbp,1.0
week.,0.17647058823529413
calling,0.25
09057039994,1.0
6months,0.6666666666666666
bluetooth,1.0
available,0.21428571428571427
"sony,",1.0
motorola,0.7142857142857143
phones.,1.0
call2optout/n9dx,1.0
4mths,1.0
half,0.34210526315789475
price,0.7619047619047619
orange,0.875
rental,1.0
phones,0.9090909090909091
free.,0.7857142857142857
11mths,1.0
mobilesdirect,1.0
08000938767,1.0
or2stoptxt,1.0
first,0.12
87131,1.0
poly,1.0
true,0.07142857142857142
tone!,1.0
help?,1.0
2814032,1.0
16,0.96
after,0.05747126436781609
1st,0.7222222222222222
tones,1.0
3xå£150pw,1.0
eå£nd,1.0
dating,1.0
cal;l,1.0
09064012103,1.0
box334sk38ch,1.0
into,0.17647058823529413
å£250,1.0
competition,0.6
80086,1.0
www.txttowin.co.uk,1.0
logo,1.0
lover,0.2857142857142857
names,0.6666666666666666
joined,0.3333333333333333
heart.,0.4
love,0.06289308176100629
name1,1.0
name2,1.0
mobno,1.0
adam,1.0
eve,0.23076923076923078
07123456789,1.0
yahoo!,1.0
pobox36504w45wq,1.0
txtno,1.0
ads,1.0
150p,1.0
contacted,1.0
entered,0.5454545454545454
because,0.05555555555555555
you!,0.5581395348837209
09111032124,1.0
.,0.05531914893617021
pobox12n146tf150p,1.0
09058094455,1.0
land,1.0
line.,1.0
3030.,1.0
3650,1.0
09066382422,1.0
calls,0.42105263157894735
ave,0.375
3mins,1.0
vary,1.0
close,0.13333333333333333
300603,1.0
post,0.17647058823529413
bcm4284,1.0
ldn,1.0
wc1n3xx,1.0
loan,0.42857142857142855
purpose,1.0
å£500,1.0
"å£75,000.",1.0
homeowners,1.0
tenants,1.0
welcome.,0.8
previously,1.0
refused?,1.0
still,0.04
help.,0.3
1956669,1.0
back,0.1652892561983471
'help',1.0
upgrdcentre,1.0
0207,1.0
153,1.0
9153.,1.0
26th,0.5
july.,1.0
t&c's,1.0
apply.,1.0
opt-out,1.0
okmail:,1.0
dear,0.2
dave,0.6666666666666666
notice,0.5
tenerife,1.0
#5000,1.0
award!,1.0
09061743806,1.0
landline.,1.0
tcs,1.0
sae,1.0
box326,1.0
cw25wx,1.0
moan,0.2
69888nyt.,1.0
activate,0.8
terms,0.7777777777777778
"conditions,",1.0
visit,0.4666666666666667
www.07781482378.com,1.0
+123,1.0
å£1450,1.0
09050002311,1.0
b4280703.,1.0
t&cs/stop,1.0
08718727868.,1.0
"phone,",0.5714285714285714
40gb,1.0
ipod,1.0
mp3,0.7142857142857143
83355!,1.0
ibhltd,1.0
ldnw15h,1.0
150p/mtmsgrcvd18+,1.0
boltblue,1.0
poly#,1.0
mono#,1.0
poly3,1.0
1.,0.18181818181818182
cha,0.6666666666666666
slide,0.5
2.,0.16666666666666666
yeah,0.015873015873015872
3.,0.2727272727272727
slow,0.125
jamz,1.0
6.,0.14285714285714285
toxic,1.0
8.,0.2
come,0.009216589861751152
credits,1.0
topped,1.0
http://www.bubbletext.com,1.0
renewal,1.0
pin,0.2
tgxxrz,1.0
urgent!:,1.0
"å£2,000",1.0
02/09/03!,1.0
2nd,0.6666666666666666
attempt,0.9130434782608695
0871-872-9755,1.0
box95qu,1.0
today's,0.42857142857142855
å£150,1.0
worth,0.7647058823529411
vouchers!,1.0
85023,1.0
"savamob,",1.0
member,0.7142857142857143
offers,0.9166666666666666
mobile!,1.0
t,0.8461538461538461
cs,1.0
08717898035.,1.0
å£3.00,1.0
sub.,1.0
unsub,1.0
recieve,1.0
tone,1.0
within,0.5384615384615384
24hrs.,1.0
conditions,1.0
channel,1.0
teletext,1.0
pg,0.3333333333333333
2003,1.0
07815296484,1.0
800,1.0
un-redeemed,1.0
s.i.m.,1.0
08718738001,1.0
41782,1.0
18/11/04,1.0
www.applausestore.com,1.0
monthlysubscription@50p/msg,1.0
max6/month,1.0
t&csc,1.0
web,1.0
age16,1.0
2stop,1.0
"?1,000",1.0
"?2,000",1.0
"claim,",1.0
call09050000327,1.0
"å£5000,",1.0
us,0.12727272727272726
ring,0.23529411764705882
claims,1.0
09050005321.,1.0
150,1.0
textand,1.0
08002988890,1.0
chance,0.71875
shopping,0.3076923076923077
spree,1.0
shop,0.35294117647058826
80878.,1.0
t's&c's,1.0
www.txt-2-shop.com,1.0
custcare,1.0
"08715705022,",1.0
1x150p/wk,1.0
2000,0.5
pound,0.75
08712402050,1.0
before,0.08928571428571429
lines,0.6666666666666666
close.,1.0
10ppm.,1.0
t&cs,1.0
ag,1.0
promo,1.0
07753741225,1.0
s.,0.9
i.,1.0
m.,1.0
08715203677,1.0
42478,1.0
24/10/04,1.0
an,0.19642857142857142
important,0.5217391304347826
announcement.,1.0
542,1.0
0825,1.0
xclusive@clubsaisai,1.0
2morow,0.5
28/5,1.0
soiree,0.5
speciale,1.0
zouk,1.0
nichols,0.3333333333333333
paris.free,1.0
roses,1.0
ladies,0.5
!!!,0.16666666666666666
info:,1.0
07946746291/07880867867,1.0
22,1.0
days,0.21428571428571427
kick,0.375
off!,0.5
euro2004,1.0
kept,0.42857142857142855
news,0.5
results,0.6
daily.,1.0
removed,1.0
83222,1.0
textbuddy,1.0
guys,0.09375
area,0.5555555555555556
25p,1.0
search,0.125
postcode,1.0
gaytextbuddy.com.,1.0
one,0.053691275167785234
89693,1.0
vodafone,1.0
4882,1.0
å£350,1.0
matches,1.0
09064019014,1.0
voucher,0.9285714285714286
"holder,",1.0
weeks,0.6666666666666666
"offer,",1.0
pc,0.7142857142857143
http://www.e-tlp.co.uk/expressoffer,1.0
ts&cs,1.0
apply.2,1.0
texts,0.7142857142857143
80062.,1.0
08715203694,1.0
40533,1.0
31/10/04,1.0
call09050000327.,1.0
t&c:,1.0
"rstm,",1.0
sw7,1.0
3ss.,1.0
88800,1.0
89034,1.0
premium,1.0
08718711108,1.0
sun0819,1.0
posts,1.0
hello:\you,1.0
seem,0.25
cool,0.07142857142857142
tone.,1.0
gr8,0.4117647058823529
20,0.5
every,0.4583333333333333
wk,0.6923076923076923
opt,1.0
08452810071,1.0
hi,0.10679611650485436
sue.,1.0
old,0.11764705882352941
work,0.04411764705882353
lapdancer.,1.0
sex.,1.0
bedroom,0.16666666666666666
sue,1.0
89555.,1.0
textoperator,1.0
g2,1.0
1da,1.0
150ppmsg,1.0
18+,1.0
<forwarded,1.0
448712404000>please,1.0
08712404000,1.0
immediately,0.7142857142857143
fantastic,0.7
n-gage,1.0
game,0.4166666666666667
deck,1.0
"nokia,",1.0
www.cnupdates.com/newsletter.,1.0
alerts,1.0
08714712388,1.0
10am-7pm,1.0
10p,1.0
+449071512431,1.0
u!u,1.0
å£1250,1.0
09071512433,1.0
b4,0.42857142857142855
050703,1.0
t&csbcm4235wc1n3xx.,1.0
callcost,1.0
mobilesvary.,1.0
maxå£7.,1.0
50,0.5
prize.,1.0
08714712394,1.0
email,0.2
alertfrom:,1.0
jeri,1.0
stewartsize:,1.0
2kbsubject:,1.0
low-cost,1.0
prescripiton,1.0
drvgsto,1.0
listen,0.18181818181818182
123,1.0
hi.,0.1
loyalty,1.0
offer:the,1.0
nokia6650,1.0
å£10,1.0
txtauction!,1.0
start,0.13793103448275862
81151,1.0
4t&ctxt,1.0
tc,0.75
150p/mtmsg,1.0
subscribed,1.0
best,0.14285714285714285
å£3,1.0
10,0.42857142857142855
until,0.18518518518518517
82324.,1.0
helpline,1.0
08706091795,1.0
realize,0.3333333333333333
40,1.0
"years,",1.0
we'll,0.1
thousands,0.5
running,0.16666666666666666
around,0.03773584905660377
tattoos?,1.0
announcement,1.0
premier.,1.0
romantic,0.5
paris.,1.0
"nights,",1.0
flights,1.0
å£79,1.0
book,0.16666666666666666
year.,0.07692307692307693
08704439680ts&cs,1.0
award,0.9166666666666666
unclaimed!,1.0
09066368327,1.0
closingdate04/09/02,1.0
claimcode,1.0
m39m51,1.0
å£1.50pmmorefrommobile2bremoved-mobypobox734ls27yf,1.0
city,1.0
break,0.2857142857142857
could,0.11666666666666667
summer,0.8888888888888888
wk.,0.8571428571428571
store,0.8888888888888888
88039,1.0
skilgme.,1.0
tscs087147403231winawk!age16,1.0
å£1.50perwksub,1.0
0578,1.0
ever,0.1
thought,0.023809523809523808
living,0.2
good,0.06030150753768844
life,0.06666666666666667
perfect,0.3333333333333333
partner?,1.0
community.,1.0
(100p/sms),1.0
5,0.1935483870967742
polyphonic,1.0
"087018728737,",1.0
rate.,0.5
toppoly,1.0
tune,1.0
"week,",0.25
subpoly,1.0
"81618,",1.0
pole.,1.0
08718727870.,1.0
9996.,1.0
14thmarch.,1.0
availa,1.0
chance!,1.0
today!,0.7777777777777778
savamob,1.0
"pobox84,",1.0
m263uz.,1.0
week!,0.9230769230769231
no1,1.0
8077,1.0
tell,0.11851851851851852
mates.,1.0
www.getzed.co.uk,1.0
36504,1.0
w45wq,1.0
norm150p/tone,1.0
cashto,1.0
08000407165,1.0
getstop,1.0
88222,1.0
php.,1.0
rg21,1.0
4jx,1.0
either,0.5
gift,0.7619047619047619
å£100,1.0
were,0.06557377049180328
outbid,1.0
simonwatson5120,1.0
shinco,1.0
plyr.,1.0
bid,1.0
"again,",0.3333333333333333
ac/smsrewards,1.0
"notifications,",1.0
smsservices.,1.0
yourinclusive,1.0
"credits,",1.0
pls,0.10101010101010101
www.comuk.net,1.0
login=,1.0
3qxj9,1.0
"stop,",1.0
extra,0.6363636363636364
help,0.21212121212121213
08702840625.comuk.,1.0
220-cm2,1.0
9ae,1.0
alfie,1.0
moon's,1.0
children,0.5
need,0.057692307692307696
song,0.3333333333333333
mob.,1.0
m8s.,1.0
charity,1.0
8007,1.0
nokias,1.0
polys:,1.0
zed,1.0
08701417012,1.0
profit,1.0
charity.,1.0
admirer.,1.0
reveal,1.0
special.,0.2857142857142857
09065174042.,1.0
recd.,1.0
cust,1.0
care,0.08333333333333333
07821230901,1.0
"texts,",0.5
80062,1.0
five,0.6
08002888812,1.0
camcorder,1.0
wed,0.25
vouchers-text,1.0
now!savamob-member,1.0
remove,0.4444444444444444
09066350750,1.0
ibiza,1.0
"10,000",1.0
await,0.95
collection,1.0
434,1.0
sk3,1.0
8wp,1.0
ppm,1.0
talk,0.12195121951219512
sexy!!,1.0
friends,0.02631578947368421
fall,0.16666666666666666
worlds,0.5
most,0.07142857142857142
discreet,1.0
service.,1.0
vip,1.0
83110,1.0
meet.,1.0
yrs,0.5
supply,1.0
cds,1.0
virgin,0.5
records,1.0
mystery,0.5
09061104283,1.0
www.smsco.net,1.0
å£1.50pm,1.0
approx,0.5
07808,1.0
xxxxxx,1.0
08719899217,1.0
41685,1.0
07/11/04,1.0
hello.,0.2
posh,1.0
birds,0.25
chaps,1.0
user,0.8333333333333334
trial,1.0
prods,1.0
champneys.,1.0
put,0.034482758620689655
down?,0.5
address,0.2857142857142857
dob,1.0
asap.,1.0
ta,0.25
what,0.06
xmas?,1.0
how,0.03162055335968379
rental?,1.0
0721072,1.0
more!,1.0
till,0.125
"drop,",1.0
"you,",0.08571428571428572
"10k,",1.0
"5k,",1.0
travel,0.6666666666666666
"voucher,",1.0
"now,",0.11764705882352941
09064011000.,1.0
ntt,1.0
cr01327bt,1.0
fixedline,1.0
liverpool,1.0
played,0.5
mid,0.2857142857142857
week?,0.2857142857142857
09058094565,1.0
09065171142-stopsms-08,1.0
reminder:,1.0
downloaded,0.5
already,0.020833333333333332
paid,0.2
for.,0.3333333333333333
http://doit.,1.0
mymoby.,1.0
tv/,1.0
lastest,1.0
"stereophonics,",1.0
"marley,",1.0
dizzee,1.0
"racal,",1.0
libertines,1.0
strokes!,1.0
nookii,1.0
games,1.0
flirt!!,1.0
themob,1.0
bookmark,1.0
january,0.3333333333333333
male,1.0
sale!,1.0
gay,0.8571428571428571
"cheaper,",1.0
08709222922.,1.0
rate,1.0
1.5p/min,1.0
cheap,0.5
7.8p/min,1.0
peak!,1.0
08712460324,1.0
(10p/min),1.0
money!!!,1.0
lucky,0.5333333333333333
!,0.14285714285714285
money,0.07142857142857142
88600,1.0
å£1million,1.0
give,0.07216494845360824
away,0.05
ppt150x3+normal,1.0
box403,1.0
w1t1jy,1.0
matthew,1.0
09063440451,1.0
"landline,",1.0
4*lux,1.0
collection.,1.0
ppm150,1.0
box334,1.0
sk38xh.,1.0
09061749602,1.0
"å£10,000",1.0
528,1.0
hp20,1.0
1yf,1.0
getting,0.0851063829787234
touch,0.07142857142857142
folks,1.0
company?,1.0
in!,0.5
enjoy,0.25
community,0.5
(150p/sms),1.0
08718720201,1.0
114/14,1.0
tcr/w1,1.0
filthy,1.0
stories,1.0
girls,0.35714285714285715
å£800,1.0
09050001808,1.0
m95.,1.0
valid12hrs,1.0
3g,0.7142857142857143
videophones,1.0
09063458130,1.0
videochat,1.0
wid,0.23809523809523808
"mates,",1.0
java,1.0
dload,1.0
polyph,1.0
"music,",1.0
noline,1.0
rentl.,1.0
panasonic,1.0
bluetoothhdset,1.0
doublemins,1.0
doubletxt,1.0
contract.,1.0
mates,0.7142857142857143
guess,0.20588235294117646
what!,1.0
somebody,0.18181818181818182
secretly,1.0
fancies,1.0
wanna,0.2702702702702703
is?,0.5
09065394514,1.0
datebox1282essexcm61xn,1.0
150p/min,1.0
09058097218,1.0
who.,1.0
"6,",0.6666666666666666
ls15hb,1.0
1000's,1.0
flirting,0.5
girl,0.18181818181818182
bloke,0.5
"age,",1.0
zoe,0.5
chatting!,1.0
kickoff!,1.0
informed,0.4
euro,1.0
83222.,1.0
eastenders,1.0
quiz.,1.0
flower,0.4
does,0.1
dot,0.6666666666666666
compare,1.0
herself,1.0
to?,0.6666666666666666
d=,1.0
violet,1.0
e=,1.0
tulip,1.0
f=,1.0
lily,1.0
d,0.021505376344086023
e,0.025
f,0.5
84025,1.0
wkent/150p16+,1.0
local,0.8
lots,0.125
people,0.07142857142857142
registered,0.5
area.,0.5
www.flirtparty.us,1.0
replys150,1.0
asked,0.24
cant,0.0625
who?,1.0
09058091854,1.0
revealed.,1.0
box385,1.0
m6,1.0
6wu,1.0
09050003091,1.0
c52.,1.0
u've,0.8333333333333334
invited,0.45454545454545453
xchat.,1.0
sipix,1.0
digital,1.0
camera!,1.0
09061221061,1.0
28days.,1.0
box177.,1.0
m221bp.,1.0
2yr,1.0
warranty.,1.0
150ppm.,1.0
p,0.6
på£3.99,1.0
09061790121,1.0
3030,1.0
subscriber,1.0
b,0.15873015873015872
receipt,0.6
ans.,0.5
when,0.0425531914893617
elvis,1.0
presleys,1.0
birthday?,0.3333333333333333
information,0.7777777777777778
o2,1.0
user.,1.0
today,0.0821917808219178
day!,0.3333333333333333
log,0.5
onto,1.0
http://www.urawinner.com,1.0
surprise,0.45454545454545453
awaiting,1.0
449050000301,1.0
price!,1.0
09050000301.,1.0
bored,0.23529411764705882
speed,0.3333333333333333
dating?,1.0
"speedchat,",1.0
speedchat,1.0
"80155,",1.0
don't,0.06716417910447761
em,0.1111111111111111
swap,1.0
chatter!,1.0
chat80155,1.0
rcd,1.0
08000776320,1.0
taking,0.05555555555555555
part,0.2962962962962963
survey,1.0
yesterday!,1.0
however,0.125
wish.,0.25
80160,1.0
www.txt43.com,1.0
1.50p,1.0
hmv1,1.0
forget,0.1111111111111111
place,0.1111111111111111
many,0.05084745762711865
requests,0.5
1stchoice.co.uk,1.0
08707808226.,1.0
me.,0.07142857142857142
let's,0.6666666666666666
other!,1.0
hg/suite342/2lands/row/w1j6hl,1.0
ldn.,1.0
over.,0.6
thank,0.037037037037037035
notified,1.0
luck!,0.8333333333333334
future,0.6666666666666666
marketing,1.0
84122,1.0
08450542832,1.0
virgins,1.0
ready,0.15151515151515152
4fil,1.0
sexual,1.0
need.,0.14285714285714285
theirs?,1.0
cute,0.2
69911(å£1.50p.,1.0
m),1.0
got,0.029914529914529916
takes,0.25
wrc,1.0
rally,1.0
oz?,1.0
lucozade,1.0
energy!,1.0
le,1.0
61200,1.0
"(25p),",1.0
packs,1.0
lucozade.co.uk/wrc,1.0
itcould,1.0
sex,0.8333333333333334
pic,0.6666666666666666
jordan!,1.0
babe,0.14285714285714285
88600.,1.0
then,0.04878048780487805
celeb!,1.0
pocketbabe.co.uk,1.0
pics.,0.3333333333333333
å£3/wk,1.0
087016248,1.0
voicemail.,1.0
08719181503,1.0
choice,0.6666666666666666
enter,0.75
www.ldew.com.subs16+1win150ppmx3,1.0
"subscriber,",1.0
bonus!,1.0
delivered,1.0
"door,",0.5
ok,0.025
claim.,1.0
"150p/msg,",1.0
exp.,1.0
30apr,1.0
08719181513.,1.0
nok,1.0
87021.,1.0
txtin,1.0
friends.,0.5
150p/tone.,1.0
4info,1.0
completely,0.1111111111111111
accommodation,1.0
various,0.3333333333333333
global,1.0
www.phb1.com,1.0
ph:08700435505150p,1.0
84128,1.0
www.textcomp.com,1.0
08712405020.,1.0
08712402779,1.0
hungry,0.2222222222222222
feeling,0.1111111111111111
"it,",0.041666666666666664
08718730555,1.0
10p/min.,1.0
now?,0.03571428571428571
set,0.05
09096102316,1.0
cum,0.3
2moro,0.5
jane,0.5
xx,0.4
callså£1/minmoremobsemspobox45po139wa,1.0
operator.,1.0
c's,1.0
80488.biz,1.0
jamster,1.0
videosound,1.0
gold,0.5
videosounds+2,1.0
logos+musicnews!,1.0
jamster.co.uk!,1.0
16+only,1.0
call:,1.0
09701213186,1.0
lions,1.0
"tone,",1.0
lionm,1.0
mono,1.0
lionp,1.0
poly.,1.0
"www.ringtones.co.uk,",1.0
original,0.8
n,0.06293706293706294
best.,0.6666666666666666
3gbp,1.0
ûïharry,1.0
potter,1.0
phoenix,1.0
(book,1.0
5),1.0
"harry,",1.0
questions,0.2857142857142857
among,0.6666666666666666
readers!,1.0
balance,0.3333333333333333
å£500.,1.0
question,0.21428571428571427
is:,1.0
sang,1.0
'uptown,1.0
girl',1.0
80's,1.0
83600.,1.0
free2day,1.0
st,0.18181818181818182
george's,1.0
jordan!txt,1.0
89080,1.0
"out,",0.3333333333333333
saucy,1.0
celeb!4,1.0
pics,0.6666666666666666
0870241182716,1.0
fantasies,1.0
08707509020,1.0
20p,1.0
min,0.5217391304347826
"ltd,",1.0
1327,1.0
croydon,1.0
cr9,1.0
5wb,1.0
0870..k,1.0
bears,1.0
"nick,",1.0
"tom,",1.0
pete,0.16666666666666666
...,0.006134969325153374
dick.,1.0
"fact,",1.0
types,1.0
photo,0.42857142857142855
upload,0.6666666666666666
08718730666,1.0
(10p/min).,1.0
txtauction,1.0
1/2,1.0
linerental,1.0
mobiles.,1.0
very,0.025974025974025976
offers.,1.0
call2optout/lf56,1.0
"urgent,",1.0
150p/msgrcvdhg/suite342/2lands/row/w1j6hl,1.0
www.ldew.com,1.0
win150ppmx3age16,1.0
sale,0.5
arsenal,1.0
dartboard.,1.0
condition,1.0
but,0.016666666666666666
doubles,1.0
trebles!,1.0
textpod,1.0
pod,1.0
www.textpod.net,1.0
optin,1.0
ans,0.5
whats,0.09090909090909091
bbc,1.0
charts,1.0
summers,1.0
finally,0.07692307692307693
here!,0.3333333333333333
area?,1.0
matched,1.0
join.,1.0
optout,1.0
help08714742804,1.0
claire,0.6666666666666666
havin,0.3333333333333333
borin,0.5
time,0.09467455621301775
alone,0.23076923076923078
2nite?,0.4
09099725823,1.0
hope,0.0392156862745098
bought,0.2
costing,1.0
offering,1.0
09066362231,1.0
07xxxxxxxxx,1.0
02/06/03!,1.0
reach,0.16666666666666666
asap!,1.0
07801543489,1.0
latests,1.0
word:collect,1.0
no:83355!,1.0
tc-llc,1.0
ny-usa,1.0
150p/mt,1.0
msgrcvd18+,1.0
lucy,1.0
hubby,0.5
meetins,1.0
fri,0.2
hotel,0.3333333333333333
cumin,1.0
over?,0.16666666666666666
leave,0.04
2day,0.6666666666666666
09099726395,1.0
callså£1/minmobsmorelkpobox177hp51fl,1.0
credited,0.25
messages.,0.4
"activate,",1.0
credit,0.5714285714285714
80488,1.0
www.80488.biz,1.0
jsco:,1.0
energy,0.5
"high,",1.0
where,0.02040816326530612
2channel,1.0
it.,0.017241379310344827
leadership,1.0
skills,1.0
strong.,1.0
psychic?,1.0
w/question.,1.0
jsco,1.0
0870,1.0
vote.,1.0
sing,0.5
along,0.5
stars,0.3333333333333333
karaoke,0.3333333333333333
mobile.,1.0
brand,0.8
live.,0.75
arrive,0.8571428571428571
shortly.,1.0
install,1.0
browse,1.0
artists.,1.0
1/08/03!,1.0
0871-4719-523,1.0
7250i.,1.0
auction.,1.0
86021,1.0
row/w1jhl,1.0
hello,0.10526315789473684
month's,0.3333333333333333
plus,0.28
"messages,",1.0
yes.,0.15384615384615385
apply:,1.0
www.orange.co.uk/ow,1.0
cc,1.0
auction,1.0
7250,1.0
part!,1.0
08719899230,1.0
olympics.,1.0
rt-king,1.0
pro,1.0
club>>,1.0
info@ringtoneking.co.uk,1.0
08701237397,1.0
redeemable,1.0
www.ringtoneking.co.uk!,1.0
enjoy!,0.5
09058094599,1.0
msgs.,1.0
stay,0.14285714285714285
250,1.0
british,1.0
hotels,1.0
nothing!,1.0
å£350!,1.0
london,0.6666666666666666
02072069400.,1.0
bx,1.0
"526,",1.0
sw73ss,1.0
eerie,1.0
"4u,",1.0
rply,0.5
title,1.0
dracula,1.0
titles:,1.0
"ghost,",1.0
"addamsfa,",1.0
"munsters,",1.0
"exorcist,",1.0
twilight,1.0
0a$networks,1.0
allow,0.5
companies,1.0
bill,0.25
"sms,",1.0
responsible,1.0
their,0.07142857142857142
"\suppliers\""",1.0
freemsg:feelin,1.0
kinda,0.125
lnly,1.0
company!,1.0
jst,0.25
cam,0.6666666666666666
moby,1.0
pic?txt,1.0
82242,1.0
msg150p,1.0
2rcv,1.0
hlp,1.0
08712317606,1.0
action,1.0
80608.,1.0
www.movietrivia.tv,1.0
"08712405022,",1.0
rgent!,1.0
lookin,0.16666666666666666
daytime,1.0
wiv,0.25
busty,1.0
married,0.4
woman,0.2
sort,0.09090909090909091
09099726429,1.0
janinexx,1.0
09050001295,1.0
a21.,1.0
monthly,0.3333333333333333
mobsi.com,1.0
391784.,1.0
pc.,1.0
0089(my,1.0
four,0.5
digits),1.0
received,0.6666666666666666
09063442151,1.0
-sub,1.0
ringtone-get,1.0
free-send,1.0
81618-?3,1.0
week-stop,1.0
sms-08718727870,1.0
"sorry,",0.018518518518518517
ordered,0.75
81303,1.0
sufficient,1.0
credit.,1.0
hard,0.16666666666666666
121,1.0
60p/min.,1.0
connect,0.5
09094646899,1.0
biggest,0.75
vu,1.0
bcm1896wc1n3xx,1.0
wow!,1.0
boys,0.3333333333333333
back.,0.06666666666666667
2007,1.0
tour.,1.0
tickets,0.3333333333333333
pre-book,1.0
club.,1.0
81303.,1.0
trackmarque,1.0
info@vipclub4u.,1.0
"hi,",0.25
mandy,1.0
sullivan,1.0
hotmix,1.0
fm...you,1.0
chosen,1.0
å£5000.00,1.0
easter,1.0
draw.....please,1.0
telephone,0.5
09041940223,1.0
29/03/05,1.0
transferred,1.0
else....,1.0
going,0.024844720496894408
bahamas!,1.0
callfreefone,1.0
08081560665,1.0
bahamas,1.0
cruise,0.6666666666666666
ofå£2000,1.0
18+only.,1.0
07786200117,1.0
conacted,1.0
you!to,1.0
09111030116.,1.0
pobox12n146tf15,1.0
07734396839,1.0
ibh,1.0
offer:,1.0
nokia6600,1.0
txtauction!txt,1.0
word:start,1.0
no:81151,1.0
now!4t&,1.0
buy,0.05084745762711865
space,0.2857142857142857
invaders,1.0
orig,1.0
arcade,1.0
console.,1.0
press,0.3
0,1.0
(std,1.0
charge),1.0
o2.co.uk/games,1.0
settings.,1.0
purchase,0.75
big,0.03125
brother,0.07142857142857142
alert!,1.0
computer,0.5
10k,1.0
#150,1.0
voucher.,1.0
09064018838.,1.0
cro1327,1.0
win:,1.0
winner!,1.0
mr.,0.6666666666666666
t.,1.0
foley,1.0
ipod!,1.0
exciting,0.6666666666666666
prizes,1.0
"soon,",0.6666666666666666
eye,0.6666666666666666
www.win-82050.co.uk,1.0
1225,1.0
å£50award.,1.0
3100,1.0
hottest,1.0
straight,0.4
phone!!,1.0
wet,0.6666666666666666
"wanting,",1.0
89555,1.0
costs,0.75
g696ga,1.0
hack,1.0
chat.,1.0
backdoor,1.0
rooms,0.2
fraction,1.0
cost.,0.25
neo69,1.0
"09050280520,",1.0
subscribe,1.0
pm.,0.5
"dps,",1.0
bcm,1.0
8027,1.0
"ldn,",1.0
upto,0.5
12mths,1.0
1/2price,1.0
"linerental,",1.0
x-net,1.0
mins&100txt/mth,1.0
b'tooth*.,1.0
08001950382,1.0
2optout/d3wv,1.0
"easy,",0.6666666666666666
08718726970,1.0
min.,0.4
bt-national-rate,1.0
prize.to,1.0
would,0.05333333333333334
nearly,0.3333333333333333
banned,1.0
uk!,1.0
09058094594,1.0
0776xxxxxxx,1.0
18yrs,1.0
09061743811,1.0
abta,1.0
326,1.0
09090900040,1.0
extreme,1.0
dirty,0.25
office,0.0625
right,0.045454545454545456
total,0.25
privacy,0.5
knows,0.1
[sic],1.0
listening,0.2
60p,1.0
24/7mp,1.0
0870753331018+,1.0
"u,",0.15384615384615385
these,0.15789473684210525
video/pic,1.0
"fones,",1.0
wild,1.0
ill,0.025
"pics,",1.0
hurry,0.14285714285714285
im,0.0641025641025641
(18,1.0
150p/rcvd,1.0
stop2stop),1.0
ipod.,1.0
80182,1.0
rate),1.0
08452810073,1.0
details,0.3333333333333333
89693.,1.0
08715500022,1.0
rpl,1.0
cnl,1.0
08702490080,1.0
tells,0.4
09066358152,1.0
personal,0.3333333333333333
@,0.45454545454545453
prompts.,1.0
careful!,1.0
vpod,1.0
09090204448,1.0
minded,1.0
guys.,0.75
yourself.,0.5
there's,0.14814814814814814
evening.,0.5
aå£1.50,1.0
minapn,1.0
ls278bb,1.0
well,0.0625
done!,0.5
costa,1.0
del,0.9
sol,1.0
09050090044,1.0
toclaim.,1.0
"sae,",1.0
"tcs,",1.0
"pobox334,",1.0
"stockport,",1.0
"sk38xh,",1.0
"costå£1.50/pm,",1.0
max10mins,1.0
09065394973,1.0
80488.,1.0
31,1.0
php,1.0
weekly!,1.0
2006,1.0
fifa,1.0
world,0.041666666666666664
held?,1.0
87239,1.0
09061743810,1.0
enjoyed,0.5
61610,1.0
unsubscribe.,1.0
help:08712400602450p,1.0
provided,1.0
tones2you.co.uk,1.0
themob>yo,1.0
yo,0.04
yo-here,1.0
downloads,1.0
members,1.0
open,0.06666666666666667
fone...,1.0
great,0.11494252873563218
news!,1.0
freefone,1.0
08006344447,1.0
gift.,0.6666666666666666
starting,0.5
tscs,1.0
"skillgame,1winaweek,",1.0
age16.150ppermesssubscription,1.0
09094100151,1.0
mins!,1.0
cast,1.0
10p/min,1.0
(mob,1.0
vary).,1.0
"aom,",1.0
gbp5/month.,1.0
aom,1.0
"box61,m60",1.0
1er,1.0
ages,0.5
***********,1.0
09066362220,1.0
"box97n7qp,",1.0
gender,1.0
wither,1.0
m,0.1111111111111111
e.g.23f.,1.0
men,0.125
e.g.23g.,1.0
freemsg:,1.0
messages-text,1.0
now!use,1.0
web2mobile,1.0
etc.,0.6
txt250.com,1.0
1.50p/wk.,1.0
"box139,",1.0
la32wu.,1.0
txtx,1.0
85233,1.0
free>ringtone!reply,1.0
done,0.06896551724137931
england!,1.0
official,0.8333333333333334
flag,1.0
yer,1.0
84199,1.0
eng,1.0
box39822,1.0
w111wx,1.0
subs,0.75
services.,1.0
inclusive,1.0
*****,1.0
help:08700469649.,1.0
box420.,1.0
ip4,1.0
5we,1.0
087123002209am-7pm.,1.0
hols.,1.0
med,0.6666666666666666
stamped,1.0
self,0.2857142857142857
envelope,1.0
drinks,0.4
"uk,",1.0
"113,",1.0
"bray,",1.0
"wicklow,",1.0
eire.,1.0
starts,0.4444444444444444
saturday!,1.0
www.idew.com,1.0
"skillgame,",1.0
"1winaweek,",1.0
age16.,1.0
150ppermesssubscription,1.0
b4u,1.0
w/c,1.0
27/03,1.0
marsms.,1.0
www.b4utele.com,1.0
08717168528,1.0
buffy.,1.0
satisfy,1.0
men.,1.0
home,0.017857142857142856
randy.,1.0
pix!,1.0
qlynnbv,1.0
help08700621170150p,1.0
4.49/month,1.0
cross,0.75
ntwk,1.0
mins.,1.0
bundle,1.0
deals,1.0
also,0.03225806451612903
avble.,1.0
call2optout/j,1.0
mf,1.0
urgent!!,1.0
"s,",1.0
08714712379,1.0
ref,1.0
k718.,1.0
å£4.50.,1.0
09065069120,1.0
ya,0.02564102564102564
4goten,1.0
bout,0.07142857142857142
me?',1.0
scammers,1.0
smart..though,1.0
regular,0.3333333333333333
"no,",0.1
respond,0.2
prem,1.0
msg/subscription.,1.0
other,0.02040816326530612
nos,0.5
used,0.07692307692307693
also.,0.2
beware!,1.0
2morro,0.5
term,0.6666666666666666
over!,0.5
2nite,0.3333333333333333
passion,1.0
back?,0.14285714285714285
09099726481,1.0
dena,1.0
å£1/minmobsmorelkpobox177hp51fl,1.0
r836.,1.0
09065069154,1.0
splashmobile:,1.0
1000s,0.75
wk!,1.0
subscrition,1.0
300p.,1.0
heard,0.2727272727272727
u4,1.0
while.,0.5
rude,1.0
private,0.6666666666666666
01223585334,1.0
cum.,1.0
wan,0.03773584905660377
2c,1.0
gettin,0.2222222222222222
shagged,1.0
pix,0.5
8552.,1.0
2end,1.0
8552,1.0
88877>free,1.0
88877,1.0
88066,1.0
lost,0.2
3pound,1.0
oranges,1.0
weekend,0.2857142857142857
calls.,0.75
upd8,1.0
2stoptx,1.0
message.,0.375
08718738034.,1.0
21870000>hi,1.0
mailbox,1.0
messaging,1.0
alert.,1.0
21,0.5
matches.,1.0
09056242159,1.0
retrieve,1.0
pub,0.16666666666666666
quiz.win,1.0
high,0.4
street,0.25
duchess,1.0
cornwall,1.0
be?,1.0
82277.unsub,1.0
008704050406,1.0
sp,1.0
arrow,1.0
congratulations!,1.0
friend,0.13513513513513514
08718726971,1.0
minute.,1.0
bt-national-rate.,1.0
tddnewsletter@emc1.co.uk,1.0
(more,1.0
thedailydraw),1.0
"helen,",1.0
dozens,1.0
prizeswith..,1.0
***************,1.0
10/06/03!,1.0
09066368753,1.0
"97n7qp,",1.0
b/tooth,1.0
free-nokia,1.0
or2optout/hv9d,1.0
ringtones,1.0
"restrictions,",1.0
choose.,1.0
buddys.,1.0
sir,0.1111111111111111
80082,1.0
08712402902,1.0
spook,1.0
halloween,1.0
08701417012150p,1.0
logo/pic,1.0
fantasy,1.0
football,0.5
tv.,1.0
sky,0.8
gamestar,1.0
active,1.0
å£250k,1.0
team.,1.0
scoring,1.0
"saturday,",1.0
register,1.0
now!sky,1.0
88088,1.0
expired,1.0
re-sub,1.0
monoc,1.0
monos,1.0
polyc,1.0
polys,1.0
stream,1.0
0871212025016,1.0
draws!,1.0
yes!,0.5
town,0.09090909090909091
adult,0.8
uk.,1.0
becausethey,1.0
09058098002.,1.0
"pobox1,",1.0
w14rg,1.0
babe:,1.0
baby!,0.125
nasty,0.5
thing,0.021739130434782608
filthyguys.,1.0
bitch.,1.0
slo,1.0
hard!,1.0
slo(4msgs),1.0
gotto,1.0
login,0.3333333333333333
charge,0.2
08702840625,1.0
comuk.220cm2,1.0
custcare:08718720201,1.0
i?this,1.0
created,0.16666666666666666
page,0.2
www.asjesus.com,1.0
read,0.07692307692307693
wrote.,1.0
opinions.,1.0
1/1,1.0
83370.,1.0
www.music-trivia.net,1.0
1x150p/wk.,1.0
sppok,1.0
logo&pic,1.0
09066612661,1.0
complementary,1.0
wa14,1.0
2px,1.0
sender:,1.0
hol,0.5
hvae,1.0
09061701444.,1.0
24,1.0
acl03530150pm,1.0
6230,1.0
camera.,1.0
83383,1.0
pobox114/14tcr/w1,1.0
text82228>>,1.0
"ringtones,",1.0
logos,1.0
www.txt82228.com.,1.0
questions:,1.0
info@txt82228.co.uk,1.0
mini,0.5
"camera,",1.0
snap,1.0
(quizclub,1.0
out?,0.25
80122300p/wk,1.0
sp:rwm,1.0
ph:08704050406),1.0
brought,0.5
gmw,1.0
ltd.,1.0
connected,1.0
congrats,0.2222222222222222
bx420.,1.0
ip4.,1.0
5we.,1.0
amazing,0.6
picsfree1,1.0
vid,1.0
enough,0.045454545454545456
keyword,1.0
video.,1.0
ten,0.07142857142857142
83435.,1.0
08706091795.,1.0
tarot,1.0
texts!,1.0
85555,1.0
horniest,1.0
2nite!.,1.0
sign,0.16666666666666666
follow,0.6666666666666666
instructions.,1.0
69888,1.0
nyt.ec2a.3lp.msg@150p,1.0
knock,1.0
whose,0.5
choice.,0.5
www.tkls.com,1.0
stoptxtstopå£1.50/week,1.0
cc100p/min,1.0
"\polys\""",1.0
87131.,1.0
0870737910216yrs,1.0
"å£1.50/wk.""",1.0
077xxx,1.0
09066362206,1.0
150p/mtmsgrcvd18,1.0
today?,0.0625
"chat,",0.5
look,0.1
sexy?,1.0
w4,1.0
5wq,1.0
norm,0.6666666666666666
150p/tone,1.0
mobile?,1.0
network.,0.5
park,0.125
69696,1.0
nyt.,1.0
3lp,1.0
å£1.50/msg,1.0
response,0.5
fone,0.2727272727272727
hit,0.23076923076923078
include:,1.0
1)mcfly-all,1.0
"ab..,",1.0
2),0.4
sara,1.0
jorge-shock..,1.0
3),1.0
smith-switch..,1.0
instructions,0.5
sports,0.6666666666666666
fans,1.0
str*,1.0
sport,0.75
0870141701216+,1.0
4txt/120p,1.0
europe,1.0
"away,",1.0
10th,1.0
sept,1.0
09050000555.,1.0
ba128nnfwfly150ppm,1.0
å£12,1.0
flirt?,1.0
uks,1.0
fastest,1.0
growing,1.0
rcvd,1.0
83021.,1.0
tariffs,1.0
2stoptxt,1.0
luxury,1.0
canary,1.0
islands,1.0
20m12aq.,1.0
ûï,1.0
lux,1.0
james,0.5
"28,",1.0
eh74rr,1.0
women,0.5
instantly,0.3333333333333333
phone.,0.125
69969,1.0
bcmsfwc1n3xx,1.0
burger,0.6666666666666666
king,0.42857142857142855
footy,1.0
stadium?,1.0
large,1.0
super,0.5
coca-cola,1.0
walk,0.058823529411764705
little,0.10344827586206896
child,0.3333333333333333
afraid,0.25
dark,0.5
become,0.16666666666666666
teenager,1.0
wants,0.047619047619047616
night?,0.1
uûªve,1.0
bin,0.2
å£50,1.0
instant,1.0
cash.,0.5
08715203028,1.0
9th,1.0
wins,0.25
å£50-å£500.,1.0
08718727870,1.0
freemsg>fav,1.0
tones!reply,1.0
mobs,1.0
2u,0.3333333333333333
breathe1,1.0
"crazyin,",1.0
"sleepingwith,",1.0
"finest,",1.0
ymca,1.0
:getzed.co.uk,1.0
pobox365o4w45wq,1.0
300p,1.0
interflora,1.0
åòit's,1.0
too,0.0136986301369863
late,0.024390243902439025
flowers,1.0
christmas,0.125
505060,1.0
midnight,0.2
tomorrow.,0.06666666666666667
romcapspam,1.0
everyone,0.15384615384615385
responding,0.3333333333333333
presence,1.0
since,0.07692307692307693
warm,0.3333333333333333
outgoing.,1.0
bringing,0.25
breath,0.5
sunshine.,1.0
08712103738,1.0
150p.,1.0
you've,0.2857142857142857
"cash,",0.6666666666666666
09058099801,1.0
"b4190604,",1.0
7876150ppm,1.0
free-message:,1.0
jamster!get,1.0
crazy,0.36363636363636365
frog,1.0
sound,0.14285714285714285
"mad1,",1.0
mad2,1.0
88888.,1.0
6,0.15
sounds,0.0625
gbp/week!,1.0
16+only!,1.0
reality,0.6666666666666666
show,0.18181818181818182
shortly,0.5
call.,0.18181818181818182
boys.,0.3333333333333333
phone?,0.6
porn,1.0
"69855,",1.0
24hrs,1.0
50p,1.0
day.,0.041666666666666664
stopbcm,1.0
sf,1.0
pdate_now,1.0
tariffs.,1.0
call2optout/!yhl,1.0
09058094454,1.0
sorry!,0.3333333333333333
yet.,0.09090909090909091
package,0.3333333333333333
54,1.0
weeks>,1.0
resubmit,1.0
request,0.14285714285714285
expiry.,1.0
08712400200.,1.0
08718723815.,1.0
"å£1,500",1.0
27/6/03.,1.0
08714714011,1.0
you're,0.0392156862745098
"driving,",1.0
anyone,0.07692307692307693
slower,1.0
than,0.05263157894736842
idiot,0.5
driving,0.05
faster,0.25
maniac?,1.0
dvd!,1.0
call2optout/4qf2,1.0
professional,1.0
tiger,1.0
woods,1.0
play?,1.0
pt2,1.0
welcome,0.7142857142857143
improved,1.0
club!,1.0
msgs@150p,1.0
18+only,1.0
rental:,1.0
400mins...call,1.0
call2optout=j5q,1.0
69200,1.0
hrs,0.2
chrgd@50p,1.0
2exit.,1.0
unsubscribed,1.0
tons,0.5
hunks,1.0
phone!,0.4
http://gotbabes.co.uk.,1.0
subscriptions.,1.0
"jordan,",1.0
u?,0.08
abroad,1.0
"lonely,",1.0
xxsp,1.0
visionsms.com,1.0
stopcost,1.0
08712400603,1.0
being,0.13953488372093023
agent,1.0
mob!,1.0
loads,0.09090909090909091
goodies!,1.0
mat,1.0
lord,1.0
rings:return,1.0
now!reply,1.0
lotr,0.6666666666666666
june,0.5
soundtrack,1.0
stdtxtrate.,1.0
28th,1.0
feb,0.2
06.,1.0
removal,1.0
08708034412,1.0
str8,1.0
classic,1.0
polys.,1.0
nokia/150p,1.0
poly/200p,1.0
lookatme!:,1.0
clip,1.0
"lookatme!,",1.0
35p.,1.0
better?,1.0
mmsto,1.0
32323.,1.0
porn!,1.0
fun?,1.0
recd,1.0
inc,1.0
vat,1.0
cancel,0.7142857142857143
09053750005,1.0
310303.,1.0
08718725756.,1.0
140ppm,1.0
http://www.e-tlp.co.uk/reward.,1.0
08712101358,1.0
88039.skilgme.tscs087147403231winawk!age16+å£1.50perwksub,1.0
09066358361,1.0
y87.,1.0
x29.,1.0
4.50.,1.0
09065989180,1.0
08718726978,1.0
44,1.0
"7732584351,",1.0
3510i,1.0
deliveredtomorrow?,1.0
300,1.0
minutes,0.17857142857142858
08000930705.,1.0
09058097189,1.0
09061221066,1.0
fromm,1.0
28,1.0
5226,1.0
?350,1.0
hava,1.0
1131,1.0
rct',1.0
thnq,1.0
adrian,1.0
text.,0.5
rgds,1.0
vatian,1.0
know!,0.375
"is,",0.375
09050000928.,1.0
pobox45w2tg150p,1.0
sorry,0.011494252873563218
missed,0.09090909090909091
time.,0.10714285714285714
07090201529,1.0
needs,0.0625
09066364349,1.0
lose,0.05555555555555555
box434sk38wp150ppm18+,1.0
msg:we,1.0
billed,1.0
mistake,0.16666666666666666
shortcode,1.0
83332.please,1.0
08081263000,1.0
charges,0.4
refunded.this,1.0
08712402972,1.0
09058095201,1.0
never,0.023255813953488372
much,0.010752688172043012
came,0.038461538461538464
in.,0.08333333333333333
made,0.034482758620689655
truly,0.75
won't,0.13636363636363635
gbp/sms,1.0
600,1.0
400,1.0
deltomorrow,1.0
09066368470,1.0
welcome!,1.0
begin.,1.0
e.g,1.0
24m,1.0
1-month,1.0
calls!,1.0
smartcall,1.0
68866.,1.0
subscriptn3gbp/wk,1.0
help:,1.0
08448714184,1.0
stop?txt,1.0
landlineonly,1.0
mths?,1.0
camera/video,1.0
save,0.3333333333333333
å£s,1.0
texts/weekend,1.0
callback,1.0
orno,1.0
fink,1.0
met,0.125
yet,0.047619047619047616
09099726553,1.0
promised,1.0
carlie,1.0
callså£1/minmobsmore,1.0
lkpobox177hp51fl,1.0
days.,0.5555555555555556
movie.,0.25
89105.,1.0
films,1.0
t's,1.0
wedding,0.3333333333333333
lingerie,1.0
www.bridal.petticoatdreams.co.uk,1.0
superb,0.5
delivery.,0.5
weddingfriend,1.0
night,0.0410958904109589
knickers,1.0
on.,0.25
beg,0.5
01223585236,1.0
nikiyu4.net,1.0
bloomberg,1.0
-message,1.0
center,0.5
+447797706009,1.0
wait?,0.6666666666666666
http://careers.,1.0
bloomberg.com,1.0
phone750,1.0
09050000878.,1.0
wan2,1.0
meet+greet,1.0
westlife,1.0
m8?,1.0
tour?,1.0
"1)unbreakable,",1.0
"2)untamed,",1.0
3)unkempt.,1.0
"1,2",1.0
83049.,1.0
+std,1.0
dorothy@kiefer.com,1.0
(bank,1.0
granite,1.0
issues,0.5
strong-buy),1.0
explosive,1.0
pick,0.02857142857142857
*****up,1.0
300%,1.0
nasdaq,1.0
symbol,0.6666666666666666
cdgt,1.0
$5.00,1.0
per..,1.0
09071517866,1.0
150ppmpobox10183bhamb64xe,1.0
"club,",1.0
during,0.125
10am,1.0
"8pm,",1.0
"thurs,",1.0
sat,0.09090909090909091
they're,0.14285714285714285
selling,0.2
fast!,1.0
rock,0.14285714285714285
chik.,1.0
100's,1.0
&xxx,1.0
filth,1.0
69669.,1.0
saristar,1.0
e14,1.0
9yt,1.0
08701752560.,1.0
450p,1.0
stop2,1.0
month,0.05555555555555555
50%,1.0
9061100010,1.0
wire3.net,1.0
1st4terms,1.0
pobox84,1.0
3uz,1.0
mobcudb,1.0
09050000460,1.0
j89.,1.0
box245c2150pm,1.0
banneduk,1.0
see!,0.5
round,0.16666666666666666
4.,0.16666666666666666
highest,1.0
å£54.,1.0
maximum,1.0
å£71.,1.0
"bid,",1.0
bids,0.5
(to,1.0
å£10),1.0
83383.,1.0
luck.,1.0
valentine's,1.0
paris,1.0
flight,0.5
guaranteed!,1.0
text:,1.0
69101.,1.0
www.rtf.sphosting.com,1.0
believe,0.11764705882352941
true.,0.3333333333333333
incredible,1.0
txts!,1.0
g,0.15384615384615385
learn,0.2857142857142857
things,0.046511627906976744
blow,0.6666666666666666
mind.,0.25
o2fwd,1.0
18p/txt,1.0
willing,0.16666666666666666
strt,1.0
ltdhelpdesk:,1.0
02085076972,1.0
tomorrow?,0.3333333333333333
200,1.0
august,1.0
draw.,1.0
09066660100,1.0
2309.,1.0
:zed,1.0
tonights,1.0
game!,1.0
84199.,1.0
recently,0.3333333333333333
unable,0.4
"so,",0.5
07090298926,1.0
re-schedule.,1.0
ref:9307622,1.0
\stop,1.0
"mix\""",1.0
my-tone.com/enjoy.,1.0
html,1.0
terms.,1.0
gbp4.50/week.,1.0
mfl,1.0
wamma,1.0
laid?want,1.0
doggin,1.0
dogs,1.0
now!nyt.,1.0
å£1.50/msg.,1.0
promotion,1.0
number:,1.0
8714714,1.0
087147123779am-7pm.,1.0
x49.,1.0
09065989182.,1.0
from:,1.0
[colour=red]text[/colour]txtstar,1.0
"there,",0.1111111111111111
2nights,1.0
night!,0.3333333333333333
uve,1.0
"xchat,",1.0
wildest,1.0
chat!,1.0
2/2,1.0
146tf150p,1.0
holder,1.0
class,0.07407407407407407
airport,0.2
lounge,0.5
passes,1.0
using,0.2222222222222222
08704439680.,1.0
booking,0.3333333333333333
quote,0.25
09058095107,1.0
"7,",0.5
s3xy,1.0
"mila,",1.0
"age23,",1.0
"blonde,",1.0
mtalk,1.0
69866.18,1.0
30pp/txt,1.0
5free.,1.0
increments.,1.0
help08718728876,1.0
"spree,",1.0
08717895698,1.0
won!,1.0
mobstorequiz10ppm,1.0
funk,1.0
tones2u,1.0
"twinks,",1.0
"bears,",1.0
"scallies,",1.0
skins,1.0
jocks,1.0
weekend's,1.0
fun.,0.2
08712466669,1.0
08712460324(nat,1.0
09061701851.,1.0
k61.,1.0
12hours,1.0
74355,1.0
iscoming,0.6666666666666666
tnc,1.0
row,0.25
blu,1.0
concert,0.5
november,1.0
09061104276,1.0
costå£3.75max,1.0
msg:,0.42857142857142855
single?,0.5
area!,1.0
now!send,1.0
62220cncl,1.0
stopcs,1.0
08717890890å£1.50,1.0
åòharry,1.0
ringtone!from:,1.0
http://tms.,1.0
widelive.com/index.,1.0
wml?id=1b6a5ecef91ff9*37819&first=true18:0430-jul-05,1.0
oh,0.013888888888888888
god!,1.0
i've,0.015384615384615385
found,0.058823529411764705
again!,0.125
"glad,",1.0
xafter,1.0
cst,1.0
chg,1.0
picture,0.3333333333333333
sent.,0.5
http://alto18.co.uk/wave/wave.asp?o=44345,1.0
call2optout/hf8,1.0
yesterday,0.18181818181818182
09061702893.,1.0
08719181259,1.0
xxxxx,1.0
26.03.05,1.0
free>ringtone!,1.0
real1,1.0
pushbutton,1.0
dontcha,1.0
babygoodbye,1.0
golddigger,1.0
5.,0.16666666666666666
webeburnin,1.0
gnarls,1.0
barkleys,1.0
"\crazy\""",1.0
totally,0.2
"now!""",1.0
refused,1.0
loan?,1.0
secured,1.0
unsecured?,1.0
can't,0.017857142857142856
credit?,1.0
195,1.0
6669,1.0
will!,1.0
\3000,1.0
"promo""",1.0
picked,0.5
easy.,0.4
09061743386,1.0
mths,0.6666666666666666
txts.,1.0
call2optout/674&,1.0
ringtoneking,1.0
84484,1.0
housewives!,1.0
0871750.77.11!,1.0
bt-national,1.0
landlines!,1.0
thurs,0.3333333333333333
å£400,1.0
087104711148,1.0
receiving,0.5
triple,1.0
echo,1.0
it!,0.07692307692307693
dial,0.5
"bx526,",1.0
09066364311,1.0
customer.,1.0
x49.your,1.0
09065989182,1.0
accessible.,1.0
08709501522,1.0
details!,1.0
"139,",1.0
la3,1.0
2wu.,1.0
å£1.50/week.,1.0
09064017305,1.0
pobox75ldns7,1.0
tbs/persolvo.,1.0
chasing,0.3333333333333333
forå£38,1.0
definitely,0.16666666666666666
paying,0.14285714285714285
information.,0.5
ignore,0.2
them.,0.25
kath.,1.0
manchester.,1.0
loans,0.5
bad,0.038461538461538464
credit!,0.5
noworriesloans.com,1.0
08717111821,1.0
87077:,1.0
season,0.25
2wks,1.0
goals,1.0
villa,1.0
brings,0.1111111111111111
"heroes,",1.0
tips,1.0
07973788240,1.0
08715203649,1.0
gsoh?,1.0
spam,1.0
ladies?u,1.0
gigolo?,1.0
mens,1.0
oncall.,1.0
mjzgroup.,1.0
08714342399.2stop,1.0
msg@å£1.50rcvd,1.0
08707500020,1.0
<ukp>2000,1.0
09061790125,1.0
spjanuary,1.0
ready!,0.3333333333333333
town.,1.0
games!,0.5
simpsons,1.0
movie,0.07142857142857142
released,0.25
july,0.5
band,1.0
died,0.3333333333333333
film?,1.0
a-green,1.0
"day,",0.18181818181818182
b-blue,1.0
c-red,1.0
(send,1.0
"a,",1.0
c),1.0
amanda,1.0
regard,1.0
renewing,1.0
upgrading,1.0
current,0.4
handset,1.0
tel,0.09090909090909091
3680,1.0
subject,1.0
months?,0.5
http://www.wtlp.co.uk/text.,1.0
0906346330.,1.0
spanish,0.6666666666666666
47,1.0
po19,1.0
2ez,1.0
cmon,1.0
"babe,",0.05555555555555555
"horny,",1.0
*turn*,1.0
on!,0.6666666666666666
-),1.0
"hot,",0.5
sticky,0.5
replies,1.0
å£1.50.,1.0
0796xxxxxx.,1.0
day!2,1.0
prizeawaiting,1.0
called,0.03125
left,0.04
07008009200,1.0
indicate,1.0
3750,1.0
accident,0.6666666666666666
had.,1.0
colours!,1.0
2-4-1,1.0
3lions,1.0
info!,1.0
69669,1.0
ringtones.,1.0
normal,0.1111111111111111
gprs,1.0
accordingly.,0.5
"repeat,",1.0
block,0.5
breaker,1.0
deluxe,1.0
format,0.5
features,1.0
graphics,1.0
t-mobile.,1.0
å£5,1.0
bbdeluxe,1.0
challenge,0.5
day!2find,1.0
natalja,1.0
(25/f),1.0
yes-440,1.0
no-440,1.0
www.sms.ac/u/nat27081980,1.0
urgent.,1.0
02,1.0
",",0.03333333333333333
kit,1.0
strip,1.0
1013,1.0
ig11,1.0
oja,1.0
08712402578,1.0
thesmszone.com,1.0
lets,0.0625
anonymous,1.0
masked,1.0
messages..im,1.0
sending,0.18181818181818182
there..do,1.0
potential,0.3333333333333333
abuse???,1.0
09061744553,1.0
polyh,1.0
0789xxxxxxx.,1.0
shy!,1.0
09058091870,1.0
å£600.,1.0
question:,1.0
complete,0.14285714285714285
"landmark,",1.0
"big,",0.5
a.,1.0
"bob,",1.0
b.,1.0
barry,1.0
c.,1.0
ben,0.3333333333333333
?.,1.0
83738.,1.0
tonexs,1.0
renewed,1.0
month.,0.08333333333333333
www.clubzed.co.uk,1.0
*billing,1.0
msg*,0.25
"don't,",1.0
another,0.05714285714285714
www.t-c.biz,1.0
polo,1.0
suite,0.6666666666666666
373,1.0
w1j,1.0
6hl,1.0
busy,0.11764705882352941
8000930705,1.0
recpt,1.0
1/3.,1.0
ringtone.,1.0
processed...,1.0
subscribers,1.0
g.b.,1.0
enter.,1.0
headset,1.0
"\adp\""""",1.0
floppy...,1.0
snappy,1.0
happy!,1.0
uk-mobile-date,1.0
giving,0.125
08719839835.,1.0
mgs,1.0
\go,1.0
"stop\""",1.0
"89123""",1.0
explicit,1.0
30,1.0
secs?,1.0
02073162414,1.0
20p/min,1.0
+å£400,1.0
proze,1.0
with:,1.0
83355,1.0
norcorp,1.0
"ltd.å£1,50/mtmsgrcvd18+",1.0
items,0.5
7cfca1a,1.0
wining,1.0
946,1.0
wot,0.043478260869565216
cock!,1.0
hubby's,1.0
man,0.03225806451612903
wife,0.07692307692307693
89938,1.0
strings,1.0
action.,1.0
(txt,1.0
"end,",1.0
rec,0.5
å£1.50ea.,1.0
otbox,1.0
731,1.0
la1,1.0
7ws.,1.0
),0.6666666666666666
sexiest,1.0
dirtiest,1.0
89070,1.0
baby,0.058823529411764705
wow,0.125
moby.,1.0
pic?,1.0
chat?im,1.0
w8in,1.0
4utxt,1.0
/,0.5
laugh?,1.0
chit-chat,1.0
logon,1.0
8883,1.0
cm,0.5
4217,1.0
w1a,1.0
6zf,1.0
118p/msg,1.0
\urgent!,1.0
å£1000call,1.0
09071512432,1.0
300603t&csbcm4235wc1n3xx.callcost150ppmmobilesvary.,1.0
"50\""""",1.0
contract,0.75
mnths?,1.0
"callback,",1.0
09065171142-stopsms-08718727870150ppm,1.0
86888,1.0
reward,1.0
subscribe6gbp/mnth,1.0
3hrs,1.0
stop?txtstop,1.0
quiz!,1.0
recorder,1.0
canname,1.0
capital,0.5
australia?,1.0
mquiz,1.0
7634,1.0
reward.,1.0
7684,1.0
ripped,1.0
www.clubmoby.com,1.0
08717509990,1.0
poly/true/pix/ringtones/games,1.0
randomly,0.6666666666666666
loyal,1.0
customers,1.0
09066380611,1.0
08718738002,1.0
48922,1.0
21/11/04,1.0
07099833605,1.0
ref:9280114,1.0
"chloe,",1.0
smashed,0.5
saturday,0.14285714285714285
"night,",0.14285714285714285
great!,0.1111111111111111
weekend?,0.16666666666666666
missing,0.05
me?,0.045454545454545456
150p/text,1.0
07808726822,1.0
0871-872-9758,1.0
game.,0.3333333333333333
rayman,1.0
golf,1.0
arcade.,1.0
"post,",1.0
activ8.,1.0
key,0.25
termsapply,1.0
same,0.025
"number,",0.16666666666666666
mins/texts.,1.0
cool-mob,1.0
!this,1.0
1),0.2
frog-axel,1.0
f>>>,1.0
akon-lonely>>>,1.0
black,0.16666666666666666
eyed-dont,1.0
>>>more,1.0
cashbin.co.uk,1.0
(get,1.0
weekend!),1.0
www.cashbin.co.uk,1.0
away!!,1.0
these..,1.0
continued,1.0
support,0.18181818181818182
in2,0.3333333333333333
president?,1.0
id,0.0625
1172.,1.0
-call,1.0
09066649731from,1.0
09061702893,1.0
santa,1.0
calling!,1.0
ones,0.2857142857142857
eve?,0.6666666666666666
09077818151,1.0
calls1.50ppm,1.0
30s,1.0
www.santacalling.com,1.0
078498****7,1.0
08719180219,1.0
06.05.05,1.0
videos,1.0
sms.shsex.netun,1.0
fgkslpopw,1.0
fgkslpo,1.0
0871277810710p/min,1.0
å£1.,1.0
txtauction.,1.0
08715203652,1.0
42810,1.0
29/10/0,1.0
**free,1.0
message**thanks,1.0
150p/msgrcvd,1.0
skip,0.3333333333333333
out.,0.08695652173913043
customercare,1.0
08718726270,1.0
lyricalladie(21/f),1.0
yes-910,1.0
no-910.,1.0
www.sms.ac/u/hmmross,1.0
ou,1.0
*,0.02702702702702703
free*,1.0
sn,0.3333333333333333
pobox202,1.0
nr31,1.0
7zs,1.0
450pw,1.0
warner,0.5
village,0.5
83118,1.0
colin,1.0
farrell,1.0
swat,1.0
wkend,0.3333333333333333
@warner,1.0
med.,1.0
popcorn!just,1.0
msg+ticket@kiosk.valid,1.0
4-7/12.,1.0
@kiosk.,1.0
mre,1.0
film,0.125
goal!,1.0
"(henry,",1.0
7,0.058823529411764705
henry,1.0
scores,0.5
simple,0.125
shot,0.3333333333333333
yards,1.0
bergkamp,1.0
goal,0.5
margin,1.0
78,1.0
sexychat,1.0
chatting.,1.0
"amy,",1.0
couple,0.07692307692307693
"days,",1.0
parties...,1.0
"select,",1.0
added,0.3333333333333333
benefits.,1.0
trained,1.0
advisors,1.0
dialling,1.0
402.,1.0
meal,0.3333333333333333
us.,0.5
dining,1.0
experiencehttp://www.vouch4me.com/etlp/dining.asp,1.0
09058094507,1.0
donate,1.0
å£2.50,1.0
unicef's,1.0
asian,1.0
tsunami,1.0
disaster,1.0
fund,1.0
texting,0.16666666666666666
864233.,1.0
goldviking,1.0
(29/m),1.0
his,0.017543859649122806
yes-762,1.0
no-762,1.0
him:,1.0
www.sms.ac/u/goldviking,1.0
phony,1.0
xxxx,1.0
4u:,1.0
å£125,1.0
freeentry,1.0
xt,1.0
08714712412,1.0
150p/meg.,1.0
08715203685,1.0
code:4xx26,1.0
13/10/04,1.0
deepest,1.0
darkest,1.0
fantasies.,1.0
09094646631,1.0
(nat,1.0
natalie,1.0
(20/f),1.0
yes-165,1.0
no-165,1.0
www.sms.ac/u/natalie2k9,1.0
jamster!,1.0
wallpaper,1.0
heart,0.030303030303030304
88888,1.0
08701213186.,1.0
call2optout/674,1.0
83039,1.0
62735=å£450,1.0
accommodationvouchers,1.0
mustprovide,1.0
15541,1.0
5p,1.0
88039.,1.0
tscs08714740323,1.0
1winawk!,1.0
å£1.50perweeksub.,1.0
09066361921,1.0
themob>hit,1.0
pink,0.5
panther,1.0
"game,",0.3333333333333333
"sugababes,",1.0
zebra,1.0
animation,1.0
badass,1.0
hoody,1.0
wallpaper-all,1.0
resent,1.0
previous,0.3333333333333333
failed,0.5
due,0.3333333333333333
error,1.0
queries,1.0
customersqueries@netvision.uk.com,1.0
08715205273,1.0
vco,1.0
078,1.0
ve,0.5
garden,1.0
bulbs,1.0
seeds,1.0
å£33:50,1.0
scotsman,1.0
saturday.,0.4
go2,1.0
notxt.co.uk,1.0
ree,1.0
maybe,0.06666666666666667
5000,1.0
compensation,1.0
www.telediscount.co.uk,1.0
<fone,1.0
no>,1.0
08715203656,1.0
42049,1.0
26/10/04,1.0
someonone,1.0
service!,1.0
09064015307,1.0
09061213237,1.0
&cs,1.0
177,1.0
m227xy.,1.0
09061790126,1.0
177.,1.0
www.ldew.com1win150ppmx3age16subscription,1.0
textcomp,1.0
comp.,1.0
wk?s,1.0
"follows,",1.0
subsequent,1.0
wks,1.0
charged@150p/msg.2,1.0
"84128,custcare",1.0
08712405020,1.0
09095350301,1.0
erotic,1.0
ecstacy.,1.0
attempt.,1.0
dept.,1.0
13/4/04.,1.0
08717507382,1.0
dating:i,1.0
two,0.03571428571428571
these.,1.0
started,0.05555555555555555
radio,0.25
connection,0.2
coincidence?,1.0
leading,1.0
151.,1.0
pause,1.0
care:,1.0
gr8prizes,1.0
"8800,",1.0
psp,1.0
wk.txt,1.0
80878,1.0
http//www.gr8prizes.com,1.0
08715705022,1.0
0207-083-6089,1.0
09058094583,1.0
32000,1.0
.....,0.2
(18+).,1.0
legitimat,1.0
efreefone,1.0
wat,0.015873015873015872
think???,1.0
police,0.2
station,0.25
toilet,1.0
"stolen,",1.0
cops,1.0
\for,1.0
sparkling,1.0
breaks,1.0
45,1.0
person;,1.0
0121,1.0
2025050,1.0
"www.shortbreaks.org.uk\""""",1.0
www.gamb.tv,1.0
http//tms.,1.0
wml?id=820554ad0a1705572711&first=trueåác,1.0
ringtoneåá,1.0
holiday!,1.0
09050000332,1.0
09064017295,1.0
k52,1.0
pm,0.1
2p,1.0
08448350055,1.0
planettalkinstant.com,1.0
c's.,1.0
marvel,1.0
ultimate,1.0
spider-man,1.0
(å£4.50),1.0
spider,1.0
83338,1.0
ll,0.25
8ball,1.0
07808247860,1.0
08719899229,1.0
40411,1.0
06/11/04,1.0
49557,1.0
26/11/04,1.0
gsex,1.0
2667,1.0
wc1n,1.0
3xx,1.0
3mobile,1.0
chatlines,1.0
inclu,1.0
india,0.2
servs,1.0
sed,0.16666666666666666
l8er,1.0
mega,0.5
bill.,1.0
giv,0.3333333333333333
shit.,0.3333333333333333
bailiff,1.0
o,0.1
records.,1.0
reminder,0.5
o2:,1.0
2.50,1.0
"name,",1.0
house,0.047619047619047616
å£750,1.0
087187272008,1.0
now1!,1.0
